Ente Fai,Popolazione provincia
Delegazione de L'Aquila,303239
Gruppo FAI della Marsica,303239
Delegazione di Chieti,390962
Delegazione di Lanciano,390962
Delegazione di Pescara,321973
Delegazione di Teramo ,310339
Delegazione di Vasto,390962
Delegazione FAI della Costa Jonica,200597
Delegazione FAI di Matera,200597
Gruppo FAI di Tricarico,200597
Delegazione FAI di Potenza,373097
Delegazione FAI del Pollino,714400
Delegazione FAI della Locride e della Piana, 555836
Delegazione FAI di Catanzaro,363057
Delegazione FAI di Cosenza,714400
Gruppo FAI di Rossano,714400
Delegazione FAI di Reggio Calabria,555836
Gruppo FAI di Santa Severina,174712
Delegazione FAI di Vibo Valentia,162516
Delegazione FAI di Avellino,425325
Delegazione FAI di Benevento,280707
Delegazione FAI di Caserta + Aversa,924414
Delegazione FAI di Napoli,3113898
Delegazione FAI di Salerno,1106506
Delegazione FAI di Bologna,1005831
Gruppo FAI di Imola,1005831
Gruppo FAI di Pieve di Cento,1005831
Gruppo FAI San Lazzaro di Savena,1005831
Delegazione FAI di Cesena, 394601
Delegazione FAI di Ferrara,351436
Delegazione FAI di Forlì,394601
Delegazione FAI di Modena,701642
Gruppo FAI della Bassa Modenese,701642
Delegazione FAI di Parma,447779
Delegazione FAI di Piacenza+Bobbio,286997
Delegazione FAI di Ravenna,169782
Gruppo FAI di Cervia,169782
Gruppo FAI di Faenza,169782
Gruppo FAI di Lugo,169782
Delegazione FAI di Reggio Emilia, 532872
Delegazione FAI di Rimini,335463
Delegazione FAI di Gorizia,140268
Delegazione FAI di Pordenone,312794
Gruppo FAI di Spilimbergo,312794
Delegazione FAI di Trieste,234874
Delegazione FAI di Udine ,533282
Gruppo FAI di Cividale del Friuli,533282
Gruppo FAI Gemona del Friuli,533282
Gruppo FAI di Palmanova,533282
Delegazione FAI di Frosinone,495026
Delegazione FAI di Gaeta Latina,574226
Delegazione FAI di Roma,4340474
Delegazione FAI di Viterbo,320279
Gruppo FAI Sabina,158467
Delegazione FAI della Spezia,221003
Delegazione FAI di Albenga Alassio,280707
Delegazione FAI di Genova ,854099
Delegazione FAI di Imperia,215244
Delegazione FAI di Portofino Tigullio,854099
Delegazione FAI di Savona,280707
Delegazione FAI del Seprio,854099
Delegazione FAI dell'Alta Brianza,339254
Delegazione FAI dell'Oltrepò Pavese,547926
Delegazione FAI di Bergamo,1108298
Gruppo FAI della Bassa Bergamasca,1108298
Delegazione FAI di Brescia,1264105
Gruppo FAI di Sebino e Franciacorta,1264105
Gruppo FAI della Vallecamonica,1264105
Delegazione FAI di Como,599654
Delegazione FAI di Cremona,360444
Gruppo FAI di Crema,360444
Delegazione FAI di Lecco ,339254
Delegazione FAI di Lodi Melegnano,229413
Delegazione FAI di Mantova ,412868
Gruppo FAI Giovani Mantova,412868
Gruppo FAI di Castiglione delle Stiviere,217574
Delegazione FAI di Milano,3208509
Gruppo FAI di Milano Nord Est,3208509
Gruppo FAI Milano Sud Est,3208509
Gruppo FAI Milano Sud Ovest,3208509
Delegazione FAI di Milano Nordovest,3208509
Delegazione FAI di Monza,3208509
Gruppo FAI del Vimercatese,3208509
Delegazione FAI di Pavia,547926
Delegazione FAI di Sondrio,181712
Delegazione di Valcuvia Luino e Verbano Orientale,890090
Delegazione FAI di Varese,890090
Delegazione FAI di Ancona,476192
Gruppo FAI di Fabriano,476192
Gruppo FAI di Jesi e Vallesina,476192
Gruppo FAI di Senigallia,476192
Delegazione FAI di Ascoli Piceno,210066
Gruppo FAI di San Benedetto del Tronto,210066
Delegazione FAI di Fermo,175625
Delegazione FAI di Macerata,320308
Delegazione FAI di Pesaro e Urbino,361561
Delegazione FAI di Campobasso,225622
Gruppo FAI di Isernia,86405
Delegazione FAI del Verbano Cusio Ossola,160114
Delegazione FAI della Valle di Susa,2282197
Gruppo FAI della Val Sangone,2282197
Delegazione FAI di Alessandria,428826
Gruppo FAI di Castellazzo Bormida,428826
Gruppo FAI di Ovada,428826
Gruppo FAI di La Strada Franca,428826
Gruppo FAI di Via Aemilia Scauri,428826
Delegazione FAI di Asti,217574
Delegazione FAI di Biella,179685
Delegazione FAI di Casale Monferrato,428826
Delegazione FAI di Cuneo,590421
Gruppo FAI di Saluzzo,590421
Delegazione FAI di Ivrea e Canavese,2282197
Delegazione FAI di Novara,370525
Gruppo FAI Laghi Alto Novarese,890090
Gruppo FAI di Monte Regio (Colline Novaresi),370525
Gruppo FAI di Ticino,370525
Delegazione FAI di Novi Ligure,428826
Gruppo FAI di Mornese,428826
Delegazione FAI di Torino,2282197
Gruppo FAI delle Colline dal Po al Monferrato,2282197
Delegazione FAI di Tortona,428826
Delegazione FAI della Valsesia,174904
Delegazione FAI di Vercelli ,174904
Delegazione FAI di Andria Barletta Trani, 393534
Delegazione FAI di Bari,1263820
Delegazione FAI di Brindisi,398661
Delegazione FAI di Foggia,630851
Delegazione FAI di Lecce,804239
Delegazione FAI di Taranto,586061
Gruppo FAI di Altamura,1263820
Gruppo FAI di Martina Franca,586061
Gruppo FAI di Monopoli,1263820
Delegazione FAI di Cagliari,561289
Delegazione FAI di Nuoro,157078
Gruppo FAI dell'Ogliastra,57318
Delegazione FAI di Sassari,334103
Delegazione FAI di Agrigento,445129
Delegazione FAI di Catania,1115535
Gruppo FAI di Acireale,1115535
Gruppo FAI di Caltagirone,1115535
Delegazione FAI di Enna,169782
Gruppo FAI di Nicosia,169782
Gruppo FAI di Piazza Armerina,169782
Delegazione FAI di Messina ,640675
Gruppo FAI di Giardini Naxos Taormina,640675
Delegazione FAI di Palermo,1271406
Gruppo FAI di Bagheria,1271406
Gruppo FAI di Caccamo,1271406
Gruppo FAI di Carini,1271406
Gruppo FAI di Corleone,1271406
Delegazione FAI di Ragusa,320226
Gruppo FAI di Scicli,320226
Delegazione FAI di Siracusa,403985
Delegazione FAI di Trapani,435765
Gruppo FAI di Marsala,435765
Delegazione FAI di Arezzo,345110
Delegazione FAI di Firenze,1013348
Delegazione FAI di Grosseto,223652
Delegazione FAI di Livorno,337951
Delegazione FAI di Pisa,420913
Delegazione FAI di Prato,253123
Delegazione FAI di Siena,269388
Gruppo FAI di Pistoia,291963
Presidenza Regionale,10000000000
Gruppo FAI della Maremma,223652
Delegazione FAI di Bolzano ,520891
Gruppo FAI Merano,520891
Delegazione FAI di Trento,538223
Gruppo FAI della Val di Fiemme - Val di Fassa,538223
Gruppo FAI della Val di Sole,538223
Gruppo FAI di Rovereto e Vallagarina,538223
Delegazione FAI del Lago Trasimeno,662110
Delegazione FAI di Perugia,662110
Gruppo FAI Giovani Perugia,662110
Delegazione FAI di Terni,229071
Gruppo FAI di Assisi,662110
Gruppo FAI di Città di Castello,662110
Gruppo FAI di Foligno,662110
Gruppo FAI di Gualdo Tadino,662110
Gruppo FAI di Spoleto,662110
Gruppo FAI di Todi,127329
Delegazione FAI di Aosta,127329
Delegazione FAI di Bassano del Grappa,867314
Delegazione FAI di Belluno,206856
Delegazione FAI di Padova,936887
Delegazione FAI di Portogruaro,855696
Delegazione FAI di Rovigo,240540
Delegazione FAI di Treviso,885447
Delegazione FAI di Venezia,855696
Delegazione FAI di Verona,922383
Delegazione FAI di Vicenza,867314
